<Schema name="sakila_dw">
  <Cube name="Rentals" visible="true" cache="true" enabled="true">
    <Table name="fact_sales">
    </Table>
    <Dimension type="StandardDimension" visible="true" foreignKey="film_id" highCardinality="false" name="Movie">
      <Hierarchy name="Movie Hierarchy" visible="true" hasAll="true" allMemberName="All Films" primaryKey="film_id">
        <Table name="D_Film">
        </Table>
        <Level name="Category" visible="true" column="category" type="String" uniqueMembers="false" levelType="Regular" hideMemberIf="Never">
        </Level>
        <Level name="Film" visible="true" column="title" type="String" uniqueMembers="false" levelType="Regular" hideMemberIf="Never">
        </Level>
      </Hierarchy>
    </Dimension>
    <Dimension type="TimeDimension" visible="true" foreignKey="time_id" highCardinality="false" name="Time">
      <Hierarchy name="Time Hierarchy" visible="true" hasAll="true" allMemberName="All Years" primaryKey="timeid">
        <Table name="D_Time">
        </Table>
        <Level name="Year" visible="true" column="year" type="Integer" uniqueMembers="false" levelType="TimeYears" hideMemberIf="Never">
        </Level>
        <Level name="Month" visible="true" column="MONTH_NAME" ordinalColumn="month_id" type="Date" uniqueMembers="false" levelType="TimeMonths" hideMemberIf="Never">
        </Level>
        <Level name="Day" visible="true" column="day" type="Integer" uniqueMembers="false" levelType="TimeDays" hideMemberIf="Never">
        </Level>
      </Hierarchy>
    </Dimension>
    <Dimension type="StandardDimension" visible="true" foreignKey="customer_id" highCardinality="false" name="Customer">
      <Hierarchy name="Customer Hierarchy" visible="true" hasAll="true" allMemberName="All Customers" primaryKey="customer_id">
        <Table name="D_Customer">
        </Table>
        <Level name="Country" visible="true" column="country" type="String" uniqueMembers="false" levelType="Regular" hideMemberIf="Never">
        </Level>
        <Level name="City" visible="true" column="city" type="String" uniqueMembers="false" levelType="Regular" hideMemberIf="Never">
        </Level>
        <Level name="Last Name" visible="true" column="last_name" type="String" uniqueMembers="false" levelType="Regular" hideMemberIf="Never">
        </Level>
      </Hierarchy>
    </Dimension>
    <Measure name="Sales" column="measure" datatype="Numeric" formatString="$#,###.00" aggregator="sum" visible="true">
    </Measure>
  </Cube>
</Schema>
